lon,lat,type,
40.499186,-74.042859,1
40.499186,-74.030805,1
40.499186,-74.018751,1
40.499186,-74.006698,1
40.499186,-73.994644,1
40.499186,-73.982591,1
40.499186,-73.970537,1
40.499186,-73.886162,1
40.499186,-73.874108,1
40.499186,-73.862055,1
40.499186,-73.850001,1
40.499186,-73.837947,1
40.499186,-73.81384,1
40.50875,-74.042859,1
40.50875,-74.030805,1
40.50875,-74.018751,1
40.50875,-74.006698,1
40.50875,-73.994644,1
40.50875,-73.982591,1
40.50875,-73.970537,1
40.50875,-73.886162,1
40.50875,-73.874108,1
40.50875,-73.862055,1
40.50875,-73.850001,1
40.50875,-73.837947,1
40.518314,-74.018751,1
40.518314,-74.006698,1
40.518314,-73.994644,1
40.518314,-73.982591,1
40.518314,-73.970537,1
40.518314,-73.886162,1
40.518314,-73.874108,1
40.518314,-73.862055,1
40.518314,-73.850001,1
40.527878,-74.018751,1
40.527878,-74.006698,1
40.527878,-73.994644,1
40.527878,-73.982591,1
40.527878,-73.970537,1
40.527878,-73.898215,1
40.527878,-73.886162,1
40.527878,-73.874108,1
40.527878,-73.862055,1
40.527878,-73.850001,1
40.537442,-74.163395,1
40.537442,-74.006698,1
40.537442,-73.994644,1
40.537442,-73.982591,1
40.537442,-73.970537,1
40.537442,-73.898215,1
40.537442,-73.886162,1
40.537442,-73.874108,1
40.537442,-73.862055,1
40.537442,-73.850001,1
40.537442,-73.825894,1
40.547006,-74.163395,1
40.547006,-74.006698,1
40.547006,-73.994644,1
40.547006,-73.982591,1
40.547006,-73.970537,1
40.547006,-73.898215,1
40.547006,-73.886162,1
40.547006,-73.874108,1
40.547006,-73.862055,1
40.547006,-73.850001,1
40.547006,-73.825894,1
40.55657,-74.006698,1
40.55657,-73.994644,1
40.55657,-73.982591,1
40.55657,-73.970537,1
40.55657,-73.94643,1
40.55657,-73.898215,1
40.55657,-73.886162,1
40.55657,-73.862055,1
40.55657,-73.850001,1
40.566134,-73.994644,1
40.566134,-73.982591,1
40.566134,-73.970537,1
40.566134,-73.94643,1
40.566134,-73.910269,1
40.566134,-73.898215,1
40.566134,-73.862055,1
40.566134,-73.850001,1
40.575698,-74.163395,1
40.575698,-74.139287,1
40.575698,-73.994644,1
40.575698,-73.958483,1
40.575698,-73.94643,1
40.575698,-73.837947,1
40.585262,-74.175448,1
40.585262,-74.151341,1
40.585262,-74.018751,1
40.585262,-74.006698,1
40.585262,-73.862055,1
40.585262,-73.850001,1
40.585262,-73.837947,1
40.585262,-73.81384,1
40.594826,-73.982591,1
40.594826,-73.970537,1
40.594826,-73.958483,1
40.594826,-73.94643,1
40.594826,-73.934376,1
40.594826,-73.850001,1
40.594826,-73.837947,1
40.594826,-73.801787,1
40.60439,-74.151341,1
40.60439,-74.127234,1
40.60439,-74.006698,1
40.60439,-73.994644,1
40.60439,-73.982591,1
40.60439,-73.970537,1
40.60439,-73.958483,1
40.60439,-73.94643,1
40.60439,-73.862055,1
40.60439,-73.850001,1
40.60439,-73.801787,1
40.60439,-73.741519,1
40.60439,-73.729465,1
40.60439,-73.717411,1
40.60439,-73.705358,1
40.60439,-73.693304,1
40.60439,-73.681251,1
40.60439,-73.669197,1
40.613954,-74.066966,1
40.613954,-74.054912,1
40.613954,-74.030805,1
40.613954,-74.006698,1
40.613954,-73.994644,1
40.613954,-73.958483,1
40.613954,-73.94643,1
40.613954,-73.934376,1
40.613954,-73.922323,1
40.613954,-73.801787,1
40.613954,-73.753572,1
40.613954,-73.741519,1
40.613954,-73.729465,1
40.613954,-73.717411,1
40.613954,-73.705358,1
40.613954,-73.693304,1
40.613954,-73.669197,1
40.613954,-73.657143,1
40.613954,-73.64509,1
40.613954,-73.633036,1
40.613954,-73.620983,1
40.623518,-74.11518,1
40.623518,-74.066966,1
40.623518,-74.042859,1
40.623518,-73.994644,1
40.623518,-73.982591,1
40.623518,-73.970537,1
40.623518,-73.94643,1
40.623518,-73.922323,1
40.623518,-73.910269,1
40.623518,-73.753572,1
40.623518,-73.693304,1
40.623518,-73.681251,1
40.623518,-73.669197,1
40.623518,-73.657143,1
40.623518,-73.64509,1
40.623518,-73.633036,1
40.623518,-73.620983,1
40.633082,-74.139287,1
40.633082,-74.127234,1
40.633082,-74.11518,1
40.633082,-74.006698,1
40.633082,-73.994644,1
40.633082,-73.934376,1
40.633082,-73.922323,1
40.633082,-73.850001,1
40.633082,-73.837947,1
40.633082,-73.705358,1
40.633082,-73.693304,1
40.633082,-73.681251,1
40.633082,-73.669197,1
40.633082,-73.657143,1
40.633082,-73.64509,1
40.633082,-73.633036,1
40.633082,-73.620983,1
40.642646,-74.139287,1
40.642646,-74.11518,1
40.642646,-74.030805,1
40.642646,-73.994644,1
40.642646,-73.982591,1
40.642646,-73.970537,1
40.642646,-73.94643,1
40.642646,-73.898215,1
40.642646,-73.886162,1
40.642646,-73.850001,1
40.642646,-73.837947,1
40.642646,-73.825894,1
40.642646,-73.729465,1
40.642646,-73.717411,1
40.642646,-73.705358,1
40.642646,-73.693304,1
40.642646,-73.681251,1
40.642646,-73.669197,1
40.642646,-73.657143,1
40.642646,-73.64509,1
40.642646,-73.633036,1
40.642646,-73.620983,1
40.65221,-74.151341,1
40.65221,-74.139287,1
40.65221,-74.11518,1
40.65221,-74.018751,1
40.65221,-73.994644,1
40.65221,-73.982591,1
40.65221,-73.934376,1
40.65221,-73.850001,1
40.65221,-73.825894,1
40.65221,-73.753572,1
40.65221,-73.741519,1
40.65221,-73.729465,1
40.65221,-73.717411,1
40.65221,-73.705358,1
40.65221,-73.693304,1
40.65221,-73.681251,1
40.65221,-73.669197,1
40.661774,-74.151341,1
40.661774,-74.030805,1
40.661774,-74.006698,1
40.661774,-73.958483,1
40.661774,-73.934376,1
40.661774,-73.898215,1
40.661774,-73.886162,1
40.661774,-73.874108,1
40.661774,-73.837947,1
40.661774,-73.765626,1
40.661774,-73.753572,1
40.661774,-73.741519,1
40.661774,-73.729465,1
40.661774,-73.717411,1
40.671338,-74.151341,1
40.671338,-74.006698,1
40.671338,-73.910269,1
40.671338,-73.850001,1
40.671338,-73.825894,1
40.671338,-73.81384,1
40.671338,-73.741519,1
40.671338,-73.620983,1
40.680902,-74.151341,1
40.680902,-74.006698,1
40.680902,-73.970537,1
40.680902,-73.958483,1
40.680902,-73.94643,1
40.680902,-73.874108,1
40.680902,-73.850001,1
40.680902,-73.81384,1
40.680902,-73.633036,1
40.680902,-73.620983,1
40.690466,-74.163395,1
40.690466,-74.151341,1
40.690466,-73.970537,1
40.690466,-73.898215,1
40.690466,-73.64509,1
40.690466,-73.633036,1
40.690466,-73.620983,1
40.70003,-74.163395,1
40.70003,-74.151341,1
40.70003,-73.982591,1
40.70003,-73.958483,1
40.70003,-73.94643,1
40.70003,-73.898215,1
40.70003,-73.862055,1
40.70003,-73.765626,1
40.70003,-73.753572,1
40.70003,-73.729465,1
40.70003,-73.657143,1
40.70003,-73.64509,1
40.70003,-73.633036,1
40.70003,-73.620983,1
40.709594,-74.163395,1
40.709594,-73.934376,1
40.709594,-73.922323,1
40.709594,-73.898215,1
40.709594,-73.874108,1
40.709594,-73.669197,1
40.709594,-73.657143,1
40.709594,-73.64509,1
40.709594,-73.633036,1
40.709594,-73.620983,1
40.719158,-74.163395,1
40.719158,-74.030805,1
40.719158,-74.018751,1
40.719158,-73.958483,1
40.719158,-73.934376,1
40.719158,-73.910269,1
40.719158,-73.886162,1
40.719158,-73.874108,1
40.719158,-73.850001,1
40.719158,-73.801787,1
40.719158,-73.777679,1
40.719158,-73.753572,1
40.719158,-73.741519,1
40.719158,-73.681251,1
40.719158,-73.669197,1
40.719158,-73.657143,1
40.719158,-73.64509,1
40.719158,-73.633036,1
40.719158,-73.620983,1
40.728722,-74.163395,1
40.728722,-74.066966,1
40.728722,-74.054912,1
40.728722,-74.042859,1
40.728722,-73.994644,1
40.728722,-73.958483,1
40.728722,-73.94643,1
40.728722,-73.934376,1
40.728722,-73.922323,1
40.728722,-73.898215,1
40.728722,-73.825894,1
40.728722,-73.789733,1
40.728722,-73.741519,1
40.728722,-73.705358,1
40.728722,-73.693304,1
40.728722,-73.681251,1
40.728722,-73.669197,1
40.728722,-73.657143,1
40.728722,-73.64509,1
40.728722,-73.633036,1
40.728722,-73.620983,1
40.738286,-74.175448,1
40.738286,-74.163395,1
40.738286,-74.091073,1
40.738286,-74.079019,1
40.738286,-74.066966,1
40.738286,-74.006698,1
40.738286,-73.958483,1
40.738286,-73.934376,1
40.738286,-73.898215,1
40.738286,-73.874108,1
40.738286,-73.825894,1
40.738286,-73.789733,1
40.738286,-73.777679,1
40.738286,-73.765626,1
40.738286,-73.729465,1
40.738286,-73.717411,1
40.738286,-73.693304,1
40.738286,-73.681251,1
40.738286,-73.669197,1
40.738286,-73.657143,1
40.738286,-73.64509,1
40.738286,-73.633036,1
40.738286,-73.620983,1
40.747849,-74.175448,1
40.747849,-74.163395,1
40.747849,-73.94643,1
40.747849,-73.910269,1
40.747849,-73.862055,1
40.747849,-73.825894,1
40.747849,-73.801787,1
40.747849,-73.789733,1
40.747849,-73.705358,1
40.747849,-73.693304,1
40.747849,-73.681251,1
40.747849,-73.669197,1
40.747849,-73.657143,1
40.747849,-73.64509,1
40.747849,-73.633036,1
40.747849,-73.620983,1
40.757413,-74.175448,1
40.757413,-74.163395,1
40.757413,-73.94643,1
40.757413,-73.910269,1
40.757413,-73.898215,1
40.757413,-73.874108,1
40.757413,-73.862055,1
40.757413,-73.765626,1
40.757413,-73.753572,1
40.757413,-73.620983,1
40.766977,-74.175448,1
40.766977,-73.910269,1
40.766977,-73.898215,1
40.766977,-73.886162,1
40.766977,-73.874108,1
40.766977,-73.850001,1
40.766977,-73.81384,1
40.766977,-73.801787,1
40.766977,-73.789733,1
40.766977,-73.777679,1
40.766977,-73.765626,1
40.766977,-73.741519,1
40.776541,-74.187502,1
40.776541,-74.175448,1
40.776541,-73.934376,1
40.776541,-73.898215,1
40.776541,-73.886162,1
40.776541,-73.81384,1
40.776541,-73.801787,1
40.776541,-73.789733,1
40.786105,-74.187502,1
40.786105,-74.175448,1
40.786105,-73.958483,1
40.786105,-73.922323,1
40.786105,-73.910269,1
40.786105,-73.898215,1
40.786105,-73.886162,1
40.786105,-73.850001,1
40.786105,-73.837947,1
40.795669,-74.187502,1
40.795669,-74.175448,1
40.795669,-73.958483,1
40.795669,-73.886162,1
40.795669,-73.874108,1
40.795669,-73.850001,1
40.795669,-73.837947,1
40.795669,-73.801787,1
40.805233,-74.187502,1
40.805233,-74.175448,1
40.805233,-73.958483,1
40.805233,-73.886162,1
40.805233,-73.874108,1
40.805233,-73.837947,1
40.805233,-73.825894,1
40.805233,-73.81384,1
40.805233,-73.801787,1
40.814797,-74.187502,1
40.814797,-73.94643,1
40.814797,-73.898215,1
40.814797,-73.886162,1
40.814797,-73.862055,1
40.824361,-74.199555,1
40.824361,-73.898215,1
40.824361,-73.874108,1
40.824361,-73.825894,1
40.824361,-73.81384,1
40.833925,-74.199555,1
40.833925,-73.898215,1
40.833925,-73.886162,1
40.833925,-73.825894,1
40.833925,-73.81384,1
40.843489,-73.910269,1
40.843489,-73.789733,1
40.853053,-73.898215,1
40.853053,-73.862055,1
40.853053,-73.777679,1
40.853053,-73.765626,1
40.862617,-73.862055,1
40.862617,-73.850001,1
40.862617,-73.765626,1
40.862617,-73.753572,1
40.862617,-73.741519,1
40.872181,-73.922323,1
40.872181,-73.898215,1
40.872181,-73.886162,1
40.872181,-73.874108,1
40.872181,-73.862055,1
40.872181,-73.837947,1
40.872181,-73.825894,1
40.872181,-73.753572,1
40.872181,-73.741519,1
40.872181,-73.729465,1
40.872181,-73.717411,1
40.881745,-73.910269,1
40.881745,-73.862055,1
40.881745,-73.850001,1
40.881745,-73.837947,1
40.881745,-73.741519,1
40.881745,-73.729465,1
40.881745,-73.717411,1
40.881745,-73.705358,1
40.881745,-73.693304,1
40.891309,-73.910269,1
40.891309,-73.862055,1
40.891309,-73.825894,1
40.891309,-73.717411,1
40.891309,-73.705358,1
40.891309,-73.693304,1
40.891309,-73.681251,1
40.891309,-73.669197,1
40.900873,-73.874108,1
40.900873,-73.862055,1
40.900873,-73.850001,1
40.900873,-73.837947,1
40.900873,-73.825894,1
40.900873,-73.705358,1
40.900873,-73.693304,1
40.900873,-73.681251,1
40.900873,-73.669197,1
40.900873,-73.657143,1
40.900873,-73.64509,1
40.910437,-73.922323,1
40.910437,-73.910269,1
40.910437,-73.898215,1
40.910437,-73.874108,1
40.910437,-73.862055,1
40.910437,-73.850001,1
40.910437,-73.837947,1
40.910437,-73.825894,1
40.910437,-73.693304,1
40.910437,-73.681251,1
40.910437,-73.669197,1
40.910437,-73.657143,1
40.910437,-73.64509,1
40.910437,-73.633036,1
40.920001,-73.94643,1
40.920001,-73.934376,1
40.920001,-73.922323,1
40.920001,-73.910269,1
40.920001,-73.898215,1
40.920001,-73.886162,1
40.920001,-73.874108,1
40.920001,-73.862055,1
40.920001,-73.850001,1
40.920001,-73.837947,1
40.920001,-73.825894,1
40.920001,-73.681251,1
40.920001,-73.669197,1
40.920001,-73.657143,1
40.920001,-73.64509,1
40.920001,-73.633036,1
40.920001,-73.620983,1
40.929565,-73.958483,1
40.929565,-73.94643,1
40.929565,-73.934376,1
40.929565,-73.922323,1
40.929565,-73.910269,1
40.929565,-73.898215,1
40.929565,-73.886162,1
40.929565,-73.874108,1
40.929565,-73.862055,1
40.929565,-73.850001,1
40.929565,-73.837947,1
40.929565,-73.825894,1
40.929565,-73.669197,1
40.929565,-73.657143,1
40.929565,-73.64509,1
40.929565,-73.633036,1
40.929565,-73.620983,1
40.939129,-73.982591,1
40.939129,-73.970537,1
40.939129,-73.958483,1
40.939129,-73.94643,1
40.939129,-73.934376,1
40.939129,-73.922323,1
40.939129,-73.910269,1
40.939129,-73.898215,1
40.939129,-73.886162,1
40.939129,-73.874108,1
40.939129,-73.862055,1
40.939129,-73.850001,1
40.939129,-73.837947,1
40.939129,-73.825894,1
40.939129,-73.81384,1
40.939129,-73.64509,1
40.939129,-73.633036,1
40.939129,-73.620983,1
40.948693,-73.994644,1
40.948693,-73.982591,1
40.948693,-73.970537,1
40.948693,-73.958483,1
40.948693,-73.94643,1
40.948693,-73.934376,1
40.948693,-73.922323,1
40.948693,-73.910269,1
40.948693,-73.898215,1
40.948693,-73.886162,1
40.948693,-73.874108,1
40.948693,-73.862055,1
40.948693,-73.850001,1
40.948693,-73.837947,1
40.948693,-73.825894,1
40.948693,-73.81384,1
40.948693,-73.633036,1
40.948693,-73.620983,1
40.958257,-74.018751,1
40.958257,-74.006698,1
40.958257,-73.994644,1
40.958257,-73.982591,1
40.958257,-73.970537,1
40.958257,-73.958483,1
40.958257,-73.94643,1
40.958257,-73.934376,1
40.958257,-73.922323,1
40.958257,-73.910269,1
40.958257,-73.898215,1
40.958257,-73.886162,1
40.958257,-73.874108,1
40.958257,-73.862055,1
40.958257,-73.850001,1
40.958257,-73.837947,1
40.958257,-73.825894,1
40.958257,-73.81384,1
40.958257,-73.620983,1
40.967821,-74.042859,1
40.967821,-74.030805,1
40.967821,-74.018751,1
40.967821,-74.006698,1
40.967821,-73.994644,1
40.967821,-73.982591,1
40.967821,-73.970537,1
40.967821,-73.958483,1
40.967821,-73.94643,1
40.967821,-73.934376,1
40.967821,-73.922323,1
40.967821,-73.910269,1
40.967821,-73.898215,1
40.967821,-73.886162,1
40.967821,-73.874108,1
40.967821,-73.862055,1
40.967821,-73.850001,1
40.967821,-73.837947,1
40.967821,-73.825894,1
40.967821,-73.81384,1
40.967821,-73.801787,1
40.499186,-74.103127,2
40.50875,-74.127234,2
40.50875,-74.11518,2
40.50875,-73.801787,2
40.518314,-74.127234,2
40.518314,-74.054912,2
40.518314,-73.801787,2
40.527878,-74.054912,2
40.527878,-73.801787,2
40.537442,-74.175448,2
40.537442,-74.139287,2
40.537442,-74.066966,2
40.537442,-74.054912,2
40.537442,-73.801787,2
40.537442,-73.789733,2
40.537442,-73.777679,2
40.547006,-74.175448,2
40.547006,-74.066966,2
40.547006,-73.789733,2
40.547006,-73.777679,2
40.55657,-74.139287,2
40.55657,-74.079019,2
40.55657,-74.066966,2
40.55657,-74.042859,2
40.55657,-73.874108,2
40.55657,-73.81384,2
40.55657,-73.789733,2
40.55657,-73.777679,2
40.55657,-73.765626,2
40.566134,-74.187502,2
40.566134,-74.175448,2
40.566134,-74.163395,2
40.566134,-74.151341,2
40.566134,-74.11518,2
40.566134,-74.079019,2
40.566134,-74.042859,2
40.566134,-73.886162,2
40.566134,-73.874108,2
40.566134,-73.81384,2
40.566134,-73.789733,2
40.566134,-73.765626,2
40.575698,-74.127234,2
40.575698,-74.091073,2
40.575698,-74.079019,2
40.575698,-74.054912,2
40.575698,-74.042859,2
40.575698,-73.910269,2
40.575698,-73.898215,2
40.575698,-73.886162,2
40.575698,-73.874108,2
40.575698,-73.81384,2
40.575698,-73.789733,2
40.575698,-73.765626,2
40.585262,-74.163395,2
40.585262,-74.11518,2
40.585262,-74.066966,2
40.585262,-74.054912,2
40.585262,-73.994644,2
40.585262,-73.970537,2
40.585262,-73.958483,2
40.585262,-73.94643,2
40.585262,-73.934376,2
40.585262,-73.910269,2
40.585262,-73.898215,2
40.585262,-73.886162,2
40.585262,-73.874108,2
40.594826,-74.199555,2
40.594826,-74.187502,2
40.594826,-74.11518,2
40.594826,-74.042859,2
40.594826,-74.018751,2
40.594826,-73.994644,2
40.594826,-73.910269,2
40.594826,-73.886162,2
40.594826,-73.874108,2
40.594826,-73.862055,2
40.594826,-73.81384,2
40.60439,-74.211609,2
40.60439,-74.199555,2
40.60439,-74.187502,2
40.60439,-74.139287,2
40.60439,-74.103127,2
40.60439,-74.079019,2
40.60439,-74.066966,2
40.60439,-74.030805,2
40.60439,-73.934376,2
40.60439,-73.922323,2
40.60439,-73.910269,2
40.60439,-73.898215,2
40.60439,-73.874108,2
40.60439,-73.837947,2
40.60439,-73.825894,2
40.60439,-73.81384,2
40.613954,-74.211609,2
40.613954,-74.199555,2
40.613954,-74.187502,2
40.613954,-74.175448,2
40.613954,-74.151341,2
40.613954,-74.103127,2
40.613954,-74.091073,2
40.613954,-73.982591,2
40.613954,-73.910269,2
40.613954,-73.874108,2
40.613954,-73.862055,2
40.613954,-73.850001,2
40.613954,-73.837947,2
40.613954,-73.825894,2
40.623518,-74.211609,2
40.623518,-74.175448,2
40.623518,-74.103127,2
40.623518,-74.030805,2
40.623518,-74.018751,2
40.623518,-73.934376,2
40.623518,-73.898215,2
40.623518,-73.874108,2
40.623518,-73.862055,2
40.623518,-73.850001,2
40.623518,-73.837947,2
40.623518,-73.825894,2
40.623518,-73.81384,2
40.623518,-73.801787,2
40.623518,-73.741519,2
40.623518,-73.729465,2
40.623518,-73.717411,2
40.633082,-74.103127,2
40.633082,-74.054912,2
40.633082,-74.042859,2
40.633082,-73.970537,2
40.633082,-73.910269,2
40.633082,-73.886162,2
40.633082,-73.874108,2
40.633082,-73.862055,2
40.633082,-73.825894,2
40.633082,-73.81384,2
40.633082,-73.801787,2
40.633082,-73.789733,2
40.633082,-73.765626,2
40.633082,-73.753572,2
40.633082,-73.741519,2
40.633082,-73.729465,2
40.642646,-74.054912,2
40.642646,-74.018751,2
40.642646,-73.958483,2
40.642646,-73.922323,2
40.642646,-73.874108,2
40.642646,-73.789733,2
40.642646,-73.765626,2
40.642646,-73.741519,2
40.65221,-74.042859,2
40.65221,-74.006698,2
40.65221,-73.958483,2
40.65221,-73.922323,2
40.65221,-73.886162,2
40.65221,-73.862055,2
40.65221,-73.837947,2
40.65221,-73.81384,2
40.65221,-73.789733,2
40.65221,-73.777679,2
40.65221,-73.765626,2
40.661774,-74.163395,2
40.661774,-74.079019,2
40.661774,-73.94643,2
40.661774,-73.850001,2
40.661774,-73.825894,2
40.661774,-73.81384,2
40.661774,-73.789733,2
40.661774,-73.777679,2
40.671338,-74.091073,2
40.671338,-74.079019,2
40.671338,-73.922323,2
40.671338,-73.862055,2
40.671338,-73.837947,2
40.671338,-73.753572,2
40.671338,-73.717411,2
40.671338,-73.705358,2
40.671338,-73.693304,2
40.671338,-73.681251,2
40.671338,-73.669197,2
40.671338,-73.657143,2
40.671338,-73.64509,2
40.671338,-73.633036,2
40.680902,-74.091073,2
40.680902,-74.079019,2
40.680902,-73.765626,2
40.680902,-73.729465,2
40.680902,-73.717411,2
40.680902,-73.705358,2
40.680902,-73.693304,2
40.680902,-73.681251,2
40.680902,-73.669197,2
40.680902,-73.657143,2
40.680902,-73.64509,2
40.690466,-74.175448,2
40.690466,-74.091073,2
40.690466,-74.079019,2
40.690466,-74.066966,2
40.690466,-73.994644,2
40.690466,-73.958483,2
40.690466,-73.886162,2
40.690466,-73.825894,2
40.690466,-73.741519,2
40.690466,-73.717411,2
40.690466,-73.705358,2
40.690466,-73.693304,2
40.690466,-73.681251,2
40.690466,-73.669197,2
40.690466,-73.657143,2
40.70003,-74.091073,2
40.70003,-74.079019,2
40.70003,-73.934376,2
40.70003,-73.910269,2
40.70003,-73.886162,2
40.70003,-73.693304,2
40.70003,-73.681251,2
40.70003,-73.669197,2
40.709594,-74.091073,2
40.709594,-73.958483,2
40.709594,-73.910269,2
40.709594,-73.886162,2
40.709594,-73.862055,2
40.709594,-73.717411,2
40.709594,-73.705358,2
40.709594,-73.693304,2
40.709594,-73.681251,2
40.719158,-73.994644,2
40.719158,-73.898215,2
40.719158,-73.837947,2
40.719158,-73.81384,2
40.719158,-73.789733,2
40.719158,-73.717411,2
40.719158,-73.705358,2
40.719158,-73.693304,2
40.728722,-74.187502,2
40.728722,-74.018751,2
40.728722,-73.910269,2
40.728722,-73.886162,2
40.728722,-73.874108,2
40.728722,-73.850001,2
40.728722,-73.801787,2
40.728722,-73.777679,2
40.728722,-73.753572,2
40.738286,-74.054912,2
40.738286,-74.042859,2
40.738286,-74.030805,2
40.738286,-74.018751,2
40.738286,-73.850001,2
40.738286,-73.837947,2
40.738286,-73.81384,2
40.738286,-73.801787,2
40.738286,-73.741519,2
40.747849,-74.103127,2
40.747849,-74.091073,2
40.747849,-74.042859,2
40.747849,-74.030805,2
40.747849,-74.018751,2
40.747849,-74.006698,2
40.747849,-73.982591,2
40.747849,-73.934376,2
40.747849,-73.886162,2
40.747849,-73.850001,2
40.747849,-73.837947,2
40.747849,-73.765626,2
40.747849,-73.753572,2
40.747849,-73.741519,2
40.747849,-73.729465,2
40.757413,-74.11518,2
40.757413,-74.103127,2
40.757413,-74.091073,2
40.757413,-74.079019,2
40.757413,-74.066966,2
40.757413,-74.054912,2
40.757413,-74.042859,2
40.757413,-74.030805,2
40.757413,-74.006698,2
40.757413,-73.994644,2
40.757413,-73.958483,2
40.757413,-73.850001,2
40.757413,-73.825894,2
40.757413,-73.777679,2
40.757413,-73.741519,2
40.757413,-73.729465,2
40.757413,-73.717411,2
40.766977,-74.127234,2
40.766977,-74.11518,2
40.766977,-74.103127,2
40.766977,-74.091073,2
40.766977,-74.079019,2
40.766977,-74.066966,2
40.766977,-74.054912,2
40.766977,-74.030805,2
40.766977,-74.018751,2
40.766977,-74.006698,2
40.766977,-73.94643,2
40.766977,-73.934376,2
40.766977,-73.922323,2
40.766977,-73.862055,2
40.766977,-73.825894,2
40.766977,-73.753572,2
40.766977,-73.717411,2
40.766977,-73.705358,2
40.776541,-74.139287,2
40.776541,-74.127234,2
40.776541,-74.11518,2
40.776541,-74.103127,2
40.776541,-74.091073,2
40.776541,-74.079019,2
40.776541,-74.054912,2
40.776541,-74.042859,2
40.776541,-74.030805,2
40.776541,-74.018751,2
40.776541,-74.006698,2
40.776541,-73.874108,2
40.776541,-73.837947,2
40.776541,-73.765626,2
40.776541,-73.753572,2
40.776541,-73.741519,2
40.776541,-73.729465,2
40.776541,-73.717411,2
40.776541,-73.705358,2
40.776541,-73.693304,2
40.786105,-74.151341,2
40.786105,-74.139287,2
40.786105,-74.127234,2
40.786105,-74.11518,2
40.786105,-74.103127,2
40.786105,-74.091073,2
40.786105,-74.079019,2
40.786105,-74.066966,2
40.786105,-74.054912,2
40.786105,-74.042859,2
40.786105,-74.030805,2
40.786105,-74.018751,2
40.786105,-74.006698,2
40.786105,-73.994644,2
40.786105,-73.94643,2
40.786105,-73.934376,2
40.786105,-73.874108,2
40.786105,-73.825894,2
40.786105,-73.801787,2
40.786105,-73.789733,2
40.786105,-73.765626,2
40.786105,-73.753572,2
40.786105,-73.741519,2
40.786105,-73.729465,2
40.786105,-73.717411,2
40.786105,-73.705358,2
40.786105,-73.693304,2
40.786105,-73.681251,2
40.795669,-74.151341,2
40.795669,-74.139287,2
40.795669,-74.127234,2
40.795669,-74.11518,2
40.795669,-74.103127,2
40.795669,-74.091073,2
40.795669,-74.079019,2
40.795669,-74.066966,2
40.795669,-74.054912,2
40.795669,-74.042859,2
40.795669,-74.030805,2
40.795669,-74.018751,2
40.795669,-74.006698,2
40.795669,-73.994644,2
40.795669,-73.982591,2
40.795669,-73.922323,2
40.795669,-73.825894,2
40.795669,-73.789733,2
40.795669,-73.777679,2
40.795669,-73.765626,2
40.795669,-73.753572,2
40.795669,-73.741519,2
40.795669,-73.729465,2
40.795669,-73.717411,2
40.795669,-73.705358,2
40.795669,-73.693304,2
40.795669,-73.681251,2
40.805233,-74.163395,2
40.805233,-74.151341,2
40.805233,-74.139287,2
40.805233,-74.127234,2
40.805233,-74.11518,2
40.805233,-74.103127,2
40.805233,-74.091073,2
40.805233,-74.079019,2
40.805233,-74.066966,2
40.805233,-74.054912,2
40.805233,-74.042859,2
40.805233,-74.030805,2
40.805233,-74.018751,2
40.805233,-74.006698,2
40.805233,-73.994644,2
40.805233,-73.982591,2
40.805233,-73.970537,2
40.805233,-73.934376,2
40.805233,-73.922323,2
40.805233,-73.910269,2
40.805233,-73.898215,2
40.805233,-73.789733,2
40.805233,-73.777679,2
40.805233,-73.765626,2
40.805233,-73.753572,2
40.805233,-73.741519,2
40.805233,-73.729465,2
40.805233,-73.717411,2
40.805233,-73.705358,2
40.805233,-73.693304,2
40.805233,-73.681251,2
40.805233,-73.669197,2
40.814797,-74.175448,2
40.814797,-74.163395,2
40.814797,-74.151341,2
40.814797,-74.139287,2
40.814797,-74.127234,2
40.814797,-74.11518,2
40.814797,-74.103127,2
40.814797,-74.091073,2
40.814797,-74.079019,2
40.814797,-74.066966,2
40.814797,-74.054912,2
40.814797,-74.042859,2
40.814797,-74.030805,2
40.814797,-74.018751,2
40.814797,-74.006698,2
40.814797,-73.994644,2
40.814797,-73.982591,2
40.814797,-73.922323,2
40.814797,-73.837947,2
40.814797,-73.81384,2
40.814797,-73.777679,2
40.814797,-73.765626,2
40.814797,-73.753572,2
40.814797,-73.741519,2
40.814797,-73.729465,2
40.814797,-73.717411,2
40.814797,-73.705358,2
40.814797,-73.693304,2
40.814797,-73.681251,2
40.814797,-73.669197,2
40.814797,-73.657143,2
40.824361,-74.175448,2
40.824361,-74.163395,2
40.824361,-74.151341,2
40.824361,-74.139287,2
40.824361,-74.127234,2
40.824361,-74.11518,2
40.824361,-74.103127,2
40.824361,-74.091073,2
40.824361,-74.079019,2
40.824361,-74.066966,2
40.824361,-74.054912,2
40.824361,-74.042859,2
40.824361,-74.030805,2
40.824361,-74.018751,2
40.824361,-74.006698,2
40.824361,-73.994644,2
40.824361,-73.970537,2
40.824361,-73.958483,2
40.824361,-73.94643,2
40.824361,-73.837947,2
40.824361,-73.741519,2
40.824361,-73.729465,2
40.824361,-73.717411,2
40.824361,-73.705358,2
40.824361,-73.693304,2
40.824361,-73.681251,2
40.824361,-73.669197,2
40.824361,-73.657143,2
40.833925,-74.187502,2
40.833925,-74.175448,2
40.833925,-74.163395,2
40.833925,-74.151341,2
40.833925,-74.139287,2
40.833925,-74.127234,2
40.833925,-74.11518,2
40.833925,-74.103127,2
40.833925,-74.091073,2
40.833925,-74.079019,2
40.833925,-74.066966,2
40.833925,-74.054912,2
40.833925,-74.042859,2
40.833925,-74.030805,2
40.833925,-74.018751,2
40.833925,-74.006698,2
40.833925,-73.982591,2
40.833925,-73.970537,2
40.833925,-73.934376,2
40.833925,-73.874108,2
40.833925,-73.837947,2
40.833925,-73.717411,2
40.833925,-73.705358,2
40.833925,-73.693304,2
40.833925,-73.681251,2
40.833925,-73.669197,2
40.833925,-73.657143,2
40.833925,-73.64509,2
40.843489,-74.199555,2
40.843489,-74.187502,2
40.843489,-74.175448,2
40.843489,-74.163395,2
40.843489,-74.151341,2
40.843489,-74.139287,2
40.843489,-74.127234,2
40.843489,-74.11518,2
40.843489,-74.103127,2
40.843489,-74.091073,2
40.843489,-74.079019,2
40.843489,-74.066966,2
40.843489,-74.054912,2
40.843489,-74.042859,2
40.843489,-74.030805,2
40.843489,-74.018751,2
40.843489,-73.994644,2
40.843489,-73.982591,2
40.843489,-73.970537,2
40.843489,-73.958483,2
40.843489,-73.94643,2
40.843489,-73.898215,2
40.843489,-73.886162,2
40.843489,-73.837947,2
40.843489,-73.825894,2
40.843489,-73.705358,2
40.843489,-73.693304,2
40.843489,-73.681251,2
40.843489,-73.669197,2
40.843489,-73.657143,2
40.843489,-73.64509,2
40.843489,-73.633036,2
40.853053,-74.199555,2
40.853053,-74.187502,2
40.853053,-74.175448,2
40.853053,-74.163395,2
40.853053,-74.151341,2
40.853053,-74.139287,2
40.853053,-74.127234,2
40.853053,-74.11518,2
40.853053,-74.103127,2
40.853053,-74.091073,2
40.853053,-74.079019,2
40.853053,-74.066966,2
40.853053,-74.054912,2
40.853053,-74.042859,2
40.853053,-74.030805,2
40.853053,-74.006698,2
40.853053,-73.994644,2
40.853053,-73.982591,2
40.853053,-73.922323,2
40.853053,-73.837947,2
40.853053,-73.81384,2
40.853053,-73.801787,2
40.853053,-73.789733,2
40.853053,-73.693304,2
40.853053,-73.681251,2
40.853053,-73.669197,2
40.853053,-73.657143,2
40.853053,-73.64509,2
40.853053,-73.633036,2
40.853053,-73.620983,2
40.862617,-74.211609,2
40.862617,-74.199555,2
40.862617,-74.187502,2
40.862617,-74.175448,2
40.862617,-74.163395,2
40.862617,-74.151341,2
40.862617,-74.139287,2
40.862617,-74.127234,2
40.862617,-74.11518,2
40.862617,-74.103127,2
40.862617,-74.091073,2
40.862617,-74.079019,2
40.862617,-74.066966,2
40.862617,-74.054912,2
40.862617,-74.030805,2
40.862617,-74.018751,2
40.862617,-74.006698,2
40.862617,-73.81384,2
40.862617,-73.801787,2
40.862617,-73.789733,2
40.862617,-73.777679,2
40.862617,-73.681251,2
40.862617,-73.669197,2
40.862617,-73.657143,2
40.862617,-73.64509,2
40.862617,-73.633036,2
40.862617,-73.620983,2
40.872181,-74.211609,2
40.872181,-74.199555,2
40.872181,-74.187502,2
40.872181,-74.175448,2
40.872181,-74.163395,2
40.872181,-74.151341,2
40.872181,-74.139287,2
40.872181,-74.127234,2
40.872181,-74.11518,2
40.872181,-74.103127,2
40.872181,-74.091073,2
40.872181,-74.079019,2
40.872181,-74.066966,2
40.872181,-74.042859,2
40.872181,-74.030805,2
40.872181,-73.81384,2
40.872181,-73.801787,2
40.872181,-73.789733,2
40.872181,-73.777679,2
40.872181,-73.765626,2
40.872181,-73.669197,2
40.872181,-73.657143,2
40.872181,-73.64509,2
40.872181,-73.633036,2
40.872181,-73.620983,2
40.881745,-74.211609,2
40.881745,-74.199555,2
40.881745,-74.187502,2
40.881745,-74.175448,2
40.881745,-74.163395,2
40.881745,-74.151341,2
40.881745,-74.139287,2
40.881745,-74.127234,2
40.881745,-74.11518,2
40.881745,-74.103127,2
40.881745,-74.091073,2
40.881745,-74.079019,2
40.881745,-74.054912,2
40.881745,-74.042859,2
40.881745,-73.94643,2
40.881745,-73.886162,2
40.881745,-73.825894,2
40.881745,-73.81384,2
40.881745,-73.801787,2
40.881745,-73.789733,2
40.881745,-73.777679,2
40.881745,-73.765626,2
40.881745,-73.753572,2
40.881745,-73.657143,2
40.881745,-73.64509,2
40.881745,-73.633036,2
40.881745,-73.620983,2
40.891309,-74.211609,2
40.891309,-74.199555,2
40.891309,-74.187502,2
40.891309,-74.175448,2
40.891309,-74.163395,2
40.891309,-74.139287,2
40.891309,-74.127234,2
40.891309,-74.11518,2
40.891309,-74.103127,2
40.891309,-74.091073,2
40.891309,-74.066966,2
40.891309,-73.970537,2
40.891309,-73.958483,2
40.891309,-73.81384,2
40.891309,-73.801787,2
40.891309,-73.789733,2
40.891309,-73.777679,2
40.891309,-73.765626,2
40.891309,-73.753572,2
40.891309,-73.741519,2
40.891309,-73.64509,2
40.891309,-73.633036,2
40.891309,-73.620983,2
40.900873,-74.211609,2
40.900873,-74.199555,2
40.900873,-74.187502,2
40.900873,-74.175448,2
40.900873,-74.163395,2
40.900873,-74.151341,2
40.900873,-74.139287,2
40.900873,-74.127234,2
40.900873,-74.11518,2
40.900873,-74.079019,2
40.900873,-73.982591,2
40.900873,-73.970537,2
40.900873,-73.898215,2
40.900873,-73.886162,2
40.900873,-73.801787,2
40.900873,-73.789733,2
40.900873,-73.777679,2
40.900873,-73.765626,2
40.900873,-73.753572,2
40.900873,-73.741519,2
40.900873,-73.729465,2
40.900873,-73.633036,2
40.900873,-73.620983,2
40.910437,-74.211609,2
40.910437,-74.199555,2
40.910437,-74.187502,2
40.910437,-74.175448,2
40.910437,-74.163395,2
40.910437,-74.151341,2
40.910437,-74.139287,2
40.910437,-74.127234,2
40.910437,-74.091073,2
40.910437,-73.994644,2
40.910437,-73.982591,2
40.910437,-73.886162,2
40.910437,-73.801787,2
40.910437,-73.789733,2
40.910437,-73.777679,2
40.910437,-73.765626,2
40.910437,-73.753572,2
40.910437,-73.741519,2
40.910437,-73.729465,2
40.910437,-73.717411,2
40.910437,-73.705358,2
40.910437,-73.620983,2
40.920001,-74.211609,2
40.920001,-74.199555,2
40.920001,-74.187502,2
40.920001,-74.175448,2
40.920001,-74.163395,2
40.920001,-74.151341,2
40.920001,-74.139287,2
40.920001,-74.127234,2
40.920001,-74.006698,2
40.920001,-73.994644,2
40.920001,-73.801787,2
40.920001,-73.789733,2
40.920001,-73.777679,2
40.920001,-73.765626,2
40.920001,-73.753572,2
40.920001,-73.741519,2
40.920001,-73.729465,2
40.920001,-73.717411,2
40.920001,-73.705358,2
40.920001,-73.693304,2
40.929565,-74.211609,2
40.929565,-74.199555,2
40.929565,-74.187502,2
40.929565,-74.175448,2
40.929565,-74.163395,2
40.929565,-74.151341,2
40.929565,-74.139287,2
40.929565,-74.030805,2
40.929565,-74.018751,2
40.929565,-74.006698,2
40.929565,-73.801787,2
40.929565,-73.789733,2
40.929565,-73.777679,2
40.929565,-73.765626,2
40.929565,-73.753572,2
40.929565,-73.741519,2
40.929565,-73.729465,2
40.929565,-73.717411,2
40.929565,-73.705358,2
40.929565,-73.693304,2
40.929565,-73.681251,2
40.939129,-74.211609,2
40.939129,-74.199555,2
40.939129,-74.187502,2
40.939129,-74.175448,2
40.939129,-74.163395,2
40.939129,-74.151341,2
40.939129,-74.042859,2
40.939129,-74.030805,2
40.939129,-73.789733,2
40.939129,-73.777679,2
40.939129,-73.765626,2
40.939129,-73.753572,2
40.939129,-73.741519,2
40.939129,-73.729465,2
40.939129,-73.717411,2
40.939129,-73.705358,2
40.939129,-73.693304,2
40.939129,-73.681251,2
40.939129,-73.669197,2
40.948693,-74.211609,2
40.948693,-74.199555,2
40.948693,-74.187502,2
40.948693,-74.175448,2
40.948693,-74.163395,2
40.948693,-74.054912,2
40.948693,-74.042859,2
40.948693,-73.789733,2
40.948693,-73.777679,2
40.948693,-73.765626,2
40.948693,-73.753572,2
40.948693,-73.741519,2
40.948693,-73.729465,2
40.948693,-73.717411,2
40.948693,-73.705358,2
40.948693,-73.693304,2
40.948693,-73.681251,2
40.948693,-73.669197,2
40.948693,-73.657143,2
40.958257,-74.211609,2
40.958257,-74.199555,2
40.958257,-74.175448,2
40.958257,-74.066966,2
40.958257,-73.789733,2
40.958257,-73.777679,2
40.958257,-73.765626,2
40.958257,-73.753572,2
40.958257,-73.741519,2
40.958257,-73.729465,2
40.958257,-73.717411,2
40.958257,-73.705358,2
40.958257,-73.693304,2
40.958257,-73.681251,2
40.958257,-73.669197,2
40.958257,-73.657143,2
40.958257,-73.64509,2
40.967821,-74.211609,2
40.967821,-74.079019,2
40.967821,-73.777679,2
40.967821,-73.765626,2
40.967821,-73.753572,2
40.967821,-73.741519,2
40.967821,-73.729465,2
40.967821,-73.717411,2
40.967821,-73.705358,2
40.967821,-73.693304,2
40.967821,-73.681251,2
40.967821,-73.669197,2
40.967821,-73.657143,2
40.967821,-73.64509,2
40.967821,-73.633036,2
40.499186,-74.175448,3
40.499186,-74.163395,3
40.499186,-74.151341,3
40.499186,-74.139287,3
40.499186,-74.127234,3
40.499186,-74.11518,3
40.499186,-74.066966,3
40.499186,-74.054912,3
40.499186,-73.958483,3
40.499186,-73.94643,3
40.499186,-73.934376,3
40.499186,-73.922323,3
40.499186,-73.910269,3
40.499186,-73.898215,3
40.499186,-73.825894,3
40.499186,-73.801787,3
40.499186,-73.657143,3
40.499186,-73.64509,3
40.499186,-73.633036,3
40.499186,-73.620983,3
40.50875,-74.175448,3
40.50875,-74.163395,3
40.50875,-74.151341,3
40.50875,-74.139287,3
40.50875,-74.103127,3
40.50875,-74.079019,3
40.50875,-74.066966,3
40.50875,-74.054912,3
40.50875,-73.958483,3
40.50875,-73.94643,3
40.50875,-73.934376,3
40.50875,-73.922323,3
40.50875,-73.910269,3
40.50875,-73.898215,3
40.50875,-73.825894,3
40.50875,-73.81384,3
40.50875,-73.669197,3
40.50875,-73.657143,3
40.50875,-73.64509,3
40.50875,-73.633036,3
40.50875,-73.620983,3
40.518314,-74.175448,3
40.518314,-74.163395,3
40.518314,-74.151341,3
40.518314,-74.139287,3
40.518314,-74.11518,3
40.518314,-74.103127,3
40.518314,-74.079019,3
40.518314,-74.066966,3
40.518314,-73.958483,3
40.518314,-73.94643,3
40.518314,-73.934376,3
40.518314,-73.922323,3
40.518314,-73.910269,3
40.518314,-73.898215,3
40.518314,-73.837947,3
40.518314,-73.825894,3
40.518314,-73.81384,3
40.518314,-73.681251,3
40.518314,-73.669197,3
40.518314,-73.657143,3
40.518314,-73.64509,3
40.518314,-73.633036,3
40.518314,-73.620983,3
40.527878,-74.163395,3
40.527878,-74.151341,3
40.527878,-74.139287,3
40.527878,-74.127234,3
40.527878,-74.11518,3
40.527878,-74.103127,3
40.527878,-74.079019,3
40.527878,-74.066966,3
40.527878,-73.94643,3
40.527878,-73.934376,3
40.527878,-73.922323,3
40.527878,-73.910269,3
40.527878,-73.837947,3
40.527878,-73.825894,3
40.527878,-73.81384,3
40.527878,-73.681251,3
40.527878,-73.669197,3
40.527878,-73.657143,3
40.527878,-73.64509,3
40.527878,-73.633036,3
40.527878,-73.620983,3
40.537442,-74.151341,3
40.537442,-74.127234,3
40.537442,-74.11518,3
40.537442,-74.091073,3
40.537442,-74.079019,3
40.537442,-73.94643,3
40.537442,-73.934376,3
40.537442,-73.922323,3
40.537442,-73.910269,3
40.537442,-73.837947,3
40.537442,-73.81384,3
40.537442,-73.693304,3
40.537442,-73.681251,3
40.537442,-73.669197,3
40.537442,-73.657143,3
40.537442,-73.64509,3
40.537442,-73.633036,3
40.537442,-73.620983,3
40.547006,-74.151341,3
40.547006,-74.139287,3
40.547006,-74.127234,3
40.547006,-74.11518,3
40.547006,-74.079019,3
40.547006,-73.934376,3
40.547006,-73.922323,3
40.547006,-73.910269,3
40.547006,-73.837947,3
40.547006,-73.81384,3
40.547006,-73.705358,3
40.547006,-73.693304,3
40.547006,-73.681251,3
40.547006,-73.669197,3
40.547006,-73.657143,3
40.547006,-73.64509,3
40.547006,-73.633036,3
40.547006,-73.620983,3
40.55657,-74.175448,3
40.55657,-74.151341,3
40.55657,-74.127234,3
40.55657,-74.091073,3
40.55657,-73.934376,3
40.55657,-73.922323,3
40.55657,-73.910269,3
40.55657,-73.837947,3
40.55657,-73.825894,3
40.55657,-73.705358,3
40.55657,-73.693304,3
40.55657,-73.681251,3
40.55657,-73.669197,3
40.55657,-73.657143,3
40.55657,-73.64509,3
40.55657,-73.633036,3
40.55657,-73.620983,3
40.566134,-74.211609,3
40.566134,-74.199555,3
40.566134,-74.139287,3
40.566134,-74.127234,3
40.566134,-74.091073,3
40.566134,-74.054912,3
40.566134,-73.934376,3
40.566134,-73.922323,3
40.566134,-73.837947,3
40.566134,-73.825894,3
40.566134,-73.717411,3
40.566134,-73.705358,3
40.566134,-73.693304,3
40.566134,-73.681251,3
40.566134,-73.669197,3
40.566134,-73.657143,3
40.566134,-73.64509,3
40.566134,-73.633036,3
40.566134,-73.620983,3
40.575698,-74.211609,3
40.575698,-74.199555,3
40.575698,-74.187502,3
40.575698,-74.175448,3
40.575698,-74.151341,3
40.575698,-74.11518,3
40.575698,-74.103127,3
40.575698,-74.066966,3
40.575698,-73.934376,3
40.575698,-73.922323,3
40.575698,-73.862055,3
40.575698,-73.825894,3
40.575698,-73.729465,3
40.575698,-73.717411,3
40.575698,-73.705358,3
40.575698,-73.693304,3
40.575698,-73.681251,3
40.575698,-73.669197,3
40.575698,-73.657143,3
40.575698,-73.64509,3
40.575698,-73.633036,3
40.575698,-73.620983,3
40.585262,-74.211609,3
40.585262,-74.199555,3
40.585262,-74.187502,3
40.585262,-74.139287,3
40.585262,-74.127234,3
40.585262,-74.103127,3
40.585262,-74.091073,3
40.585262,-74.079019,3
40.585262,-74.042859,3
40.585262,-74.030805,3
40.585262,-73.922323,3
40.585262,-73.825894,3
40.585262,-73.801787,3
40.585262,-73.789733,3
40.585262,-73.729465,3
40.585262,-73.717411,3
40.585262,-73.705358,3
40.585262,-73.693304,3
40.585262,-73.681251,3
40.585262,-73.669197,3
40.585262,-73.657143,3
40.585262,-73.64509,3
40.585262,-73.633036,3
40.585262,-73.620983,3
40.594826,-74.211609,3
40.594826,-74.175448,3
40.594826,-74.163395,3
40.594826,-74.151341,3
40.594826,-74.139287,3
40.594826,-74.127234,3
40.594826,-74.103127,3
40.594826,-74.091073,3
40.594826,-74.066966,3
40.594826,-74.054912,3
40.594826,-74.030805,3
40.594826,-74.006698,3
40.594826,-73.922323,3
40.594826,-73.898215,3
40.594826,-73.789733,3
40.594826,-73.741519,3
40.594826,-73.729465,3
40.594826,-73.717411,3
40.594826,-73.705358,3
40.594826,-73.693304,3
40.594826,-73.681251,3
40.594826,-73.669197,3
40.594826,-73.657143,3
40.594826,-73.64509,3
40.594826,-73.633036,3
40.594826,-73.620983,3
40.60439,-74.175448,3
40.60439,-74.163395,3
40.60439,-74.11518,3
40.60439,-74.091073,3
40.60439,-74.054912,3
40.60439,-74.042859,3
40.60439,-74.018751,3
40.60439,-73.886162,3
40.60439,-73.789733,3
40.60439,-73.753572,3
40.60439,-73.657143,3
40.60439,-73.64509,3
40.60439,-73.633036,3
40.60439,-73.620983,3
40.613954,-74.139287,3
40.613954,-74.127234,3
40.613954,-74.11518,3
40.613954,-74.079019,3
40.613954,-74.018751,3
40.613954,-73.970537,3
40.613954,-73.898215,3
40.613954,-73.886162,3
40.613954,-73.81384,3
40.613954,-73.789733,3
40.613954,-73.765626,3
40.613954,-73.681251,3
40.623518,-74.199555,3
40.623518,-74.187502,3
40.623518,-74.151341,3
40.623518,-74.006698,3
40.623518,-73.886162,3
40.623518,-73.789733,3
40.623518,-73.765626,3
40.623518,-73.705358,3
40.633082,-74.211609,3
40.633082,-74.199555,3
40.633082,-74.187502,3
40.633082,-74.175448,3
40.633082,-74.163395,3
40.633082,-74.151341,3
40.633082,-73.982591,3
40.633082,-73.94643,3
40.633082,-73.898215,3
40.633082,-73.777679,3
40.633082,-73.717411,3
40.642646,-74.211609,3
40.642646,-74.199555,3
40.642646,-74.187502,3
40.642646,-74.175448,3
40.642646,-74.163395,3
40.642646,-74.151341,3
40.642646,-74.127234,3
40.642646,-74.103127,3
40.642646,-74.091073,3
40.642646,-74.079019,3
40.642646,-74.066966,3
40.642646,-74.042859,3
40.642646,-73.934376,3
40.642646,-73.910269,3
40.642646,-73.81384,3
40.642646,-73.801787,3
40.642646,-73.777679,3
40.642646,-73.753572,3
40.65221,-74.211609,3
40.65221,-74.199555,3
40.65221,-74.187502,3
40.65221,-74.175448,3
40.65221,-74.163395,3
40.65221,-74.127234,3
40.65221,-74.103127,3
40.65221,-74.079019,3
40.65221,-74.066966,3
40.65221,-74.054912,3
40.65221,-74.030805,3
40.65221,-73.970537,3
40.65221,-73.94643,3
40.65221,-73.910269,3
40.65221,-73.898215,3
40.65221,-73.801787,3
40.65221,-73.657143,3
40.65221,-73.64509,3
40.65221,-73.633036,3
40.65221,-73.620983,3
40.661774,-74.211609,3
40.661774,-74.199555,3
40.661774,-74.187502,3
40.661774,-74.175448,3
40.661774,-74.139287,3
40.661774,-74.127234,3
40.661774,-74.11518,3
40.661774,-74.066966,3
40.661774,-74.054912,3
40.661774,-74.042859,3
40.661774,-73.994644,3
40.661774,-73.982591,3
40.661774,-73.970537,3
40.661774,-73.922323,3
40.661774,-73.801787,3
40.661774,-73.705358,3
40.661774,-73.693304,3
40.661774,-73.681251,3
40.661774,-73.669197,3
40.661774,-73.657143,3
40.661774,-73.64509,3
40.661774,-73.633036,3
40.661774,-73.620983,3
40.671338,-74.211609,3
40.671338,-74.199555,3
40.671338,-74.187502,3
40.671338,-74.175448,3
40.671338,-74.163395,3
40.671338,-74.139287,3
40.671338,-74.127234,3
40.671338,-74.11518,3
40.671338,-74.066966,3
40.671338,-74.054912,3
40.671338,-74.042859,3
40.671338,-74.030805,3
40.671338,-74.018751,3
40.671338,-73.994644,3
40.671338,-73.970537,3
40.671338,-73.958483,3
40.671338,-73.94643,3
40.671338,-73.934376,3
40.671338,-73.886162,3
40.671338,-73.874108,3
40.671338,-73.801787,3
40.671338,-73.789733,3
40.671338,-73.777679,3
40.671338,-73.765626,3
40.671338,-73.729465,3
40.680902,-74.211609,3
40.680902,-74.199555,3
40.680902,-74.187502,3
40.680902,-74.175448,3
40.680902,-74.163395,3
40.680902,-74.139287,3
40.680902,-74.127234,3
40.680902,-74.066966,3
40.680902,-74.054912,3
40.680902,-74.042859,3
40.680902,-74.030805,3
40.680902,-74.018751,3
40.680902,-73.994644,3
40.680902,-73.982591,3
40.680902,-73.934376,3
40.680902,-73.922323,3
40.680902,-73.910269,3
40.680902,-73.862055,3
40.680902,-73.837947,3
40.680902,-73.825894,3
40.680902,-73.801787,3
40.680902,-73.789733,3
40.680902,-73.777679,3
40.680902,-73.753572,3
40.680902,-73.741519,3
40.690466,-74.211609,3
40.690466,-74.199555,3
40.690466,-74.187502,3
40.690466,-74.139287,3
40.690466,-74.127234,3
40.690466,-74.054912,3
40.690466,-74.042859,3
40.690466,-74.030805,3
40.690466,-74.018751,3
40.690466,-73.982591,3
40.690466,-73.94643,3
40.690466,-73.934376,3
40.690466,-73.922323,3
40.690466,-73.862055,3
40.690466,-73.850001,3
40.690466,-73.837947,3
40.690466,-73.81384,3
40.690466,-73.789733,3
40.690466,-73.777679,3
40.690466,-73.765626,3
40.690466,-73.753572,3
40.70003,-74.211609,3
40.70003,-74.199555,3
40.70003,-74.187502,3
40.70003,-74.175448,3
40.70003,-74.139287,3
40.70003,-74.127234,3
40.70003,-74.066966,3
40.70003,-74.054912,3
40.70003,-74.042859,3
40.70003,-74.030805,3
40.70003,-74.018751,3
40.70003,-74.006698,3
40.70003,-73.994644,3
40.70003,-73.970537,3
40.70003,-73.874108,3
40.70003,-73.850001,3
40.70003,-73.837947,3
40.70003,-73.825894,3
40.70003,-73.81384,3
40.70003,-73.741519,3
40.70003,-73.717411,3
40.70003,-73.705358,3
40.709594,-74.211609,3
40.709594,-74.199555,3
40.709594,-74.187502,3
40.709594,-74.175448,3
40.709594,-74.151341,3
40.709594,-74.139287,3
40.709594,-74.127234,3
40.709594,-74.079019,3
40.709594,-74.066966,3
40.709594,-74.054912,3
40.709594,-74.042859,3
40.709594,-74.030805,3
40.709594,-74.018751,3
40.709594,-74.006698,3
40.709594,-73.994644,3
40.709594,-73.982591,3
40.709594,-73.94643,3
40.709594,-73.850001,3
40.709594,-73.837947,3
40.709594,-73.825894,3
40.709594,-73.81384,3
40.709594,-73.801787,3
40.709594,-73.753572,3
40.709594,-73.741519,3
40.719158,-74.211609,3
40.719158,-74.199555,3
40.719158,-74.187502,3
40.719158,-74.175448,3
40.719158,-74.151341,3
40.719158,-74.139287,3
40.719158,-74.127234,3
40.719158,-74.091073,3
40.719158,-74.079019,3
40.719158,-74.066966,3
40.719158,-74.054912,3
40.719158,-74.042859,3
40.719158,-74.006698,3
40.719158,-73.982591,3
40.719158,-73.94643,3
40.719158,-73.825894,3
40.719158,-73.765626,3
40.728722,-74.211609,3
40.728722,-74.199555,3
40.728722,-74.175448,3
40.728722,-74.151341,3
40.728722,-74.139287,3
40.728722,-74.091073,3
40.728722,-74.079019,3
40.728722,-74.006698,3
40.728722,-73.982591,3
40.728722,-73.862055,3
40.728722,-73.837947,3
40.728722,-73.765626,3
40.728722,-73.729465,3
40.728722,-73.717411,3
40.738286,-74.211609,3
40.738286,-74.199555,3
40.738286,-74.187502,3
40.738286,-74.151341,3
40.738286,-74.139287,3
40.738286,-74.103127,3
40.738286,-73.982591,3
40.738286,-73.94643,3
40.738286,-73.922323,3
40.738286,-73.910269,3
40.738286,-73.886162,3
40.738286,-73.862055,3
40.738286,-73.753572,3
40.738286,-73.705358,3
40.747849,-74.211609,3
40.747849,-74.199555,3
40.747849,-74.187502,3
40.747849,-74.151341,3
40.747849,-74.139287,3
40.747849,-74.079019,3
40.747849,-74.066966,3
40.747849,-74.054912,3
40.747849,-73.994644,3
40.747849,-73.970537,3
40.747849,-73.958483,3
40.747849,-73.922323,3
40.747849,-73.898215,3
40.747849,-73.874108,3
40.747849,-73.81384,3
40.747849,-73.777679,3
40.747849,-73.717411,3
40.757413,-74.211609,3
40.757413,-74.199555,3
40.757413,-74.187502,3
40.757413,-74.151341,3
40.757413,-74.139287,3
40.757413,-73.982591,3
40.757413,-73.970537,3
40.757413,-73.934376,3
40.757413,-73.922323,3
40.757413,-73.886162,3
40.757413,-73.81384,3
40.757413,-73.801787,3
40.757413,-73.705358,3
40.766977,-74.211609,3
40.766977,-74.199555,3
40.766977,-74.187502,3
40.766977,-74.163395,3
40.766977,-74.151341,3
40.766977,-74.139287,3
40.766977,-73.994644,3
40.766977,-73.982591,3
40.766977,-73.837947,3
40.766977,-73.729465,3
40.776541,-74.211609,3
40.776541,-74.199555,3
40.776541,-74.163395,3
40.776541,-74.151341,3
40.776541,-73.994644,3
40.776541,-73.982591,3
40.776541,-73.922323,3
40.776541,-73.910269,3
40.776541,-73.862055,3
40.776541,-73.850001,3
40.776541,-73.825894,3
40.776541,-73.777679,3
40.786105,-74.211609,3
40.786105,-74.199555,3
40.786105,-74.163395,3
40.786105,-73.982591,3
40.786105,-73.970537,3
40.786105,-73.862055,3
40.786105,-73.81384,3
40.786105,-73.777679,3
40.795669,-74.211609,3
40.795669,-74.199555,3
40.795669,-74.163395,3
40.795669,-73.934376,3
40.795669,-73.898215,3
40.795669,-73.81384,3
40.805233,-74.211609,3
40.805233,-74.199555,3
40.805233,-73.94643,3
40.814797,-74.211609,3
40.814797,-74.199555,3
40.814797,-73.970537,3
40.814797,-73.958483,3
40.814797,-73.934376,3
40.814797,-73.910269,3
40.814797,-73.850001,3
40.814797,-73.801787,3
40.814797,-73.789733,3
40.824361,-74.211609,3
40.824361,-74.187502,3
40.824361,-73.982591,3
40.824361,-73.922323,3
40.824361,-73.910269,3
40.824361,-73.862055,3
40.824361,-73.801787,3
40.824361,-73.789733,3
40.833925,-74.211609,3
40.833925,-73.994644,3
40.833925,-73.922323,3
40.833925,-73.910269,3
40.833925,-73.850001,3
40.833925,-73.801787,3
40.843489,-74.211609,3
40.843489,-74.006698,3
40.843489,-73.922323,3
40.843489,-73.874108,3
40.843489,-73.81384,3
40.843489,-73.801787,3
40.853053,-74.211609,3
40.853053,-74.018751,3
40.853053,-73.910269,3
40.853053,-73.886162,3
40.853053,-73.874108,3
40.853053,-73.850001,3
40.862617,-74.042859,3
40.862617,-73.910269,3
40.862617,-73.898215,3
40.862617,-73.886162,3
40.862617,-73.874108,3
40.862617,-73.837947,3
40.872181,-74.054912,3
40.872181,-73.910269,3
40.881745,-74.066966,3
40.881745,-73.934376,3
40.881745,-73.922323,3
40.881745,-73.874108,3
40.891309,-74.151341,3
40.891309,-74.079019,3
40.891309,-73.898215,3
40.891309,-73.886162,3
40.891309,-73.874108,3
40.891309,-73.850001,3
40.891309,-73.837947,3
40.891309,-73.729465,3
40.900873,-74.103127,3
40.900873,-74.091073,3
40.900873,-73.910269,3
40.900873,-73.81384,3
40.900873,-73.717411,3
40.910437,-74.11518,3
40.910437,-74.103127,3
40.910437,-73.81384,3
40.920001,-74.11518,3
40.920001,-73.982591,3
40.920001,-73.81384,3
40.929565,-74.127234,3
40.929565,-73.994644,3
40.929565,-73.81384,3
40.939129,-74.018751,3
40.939129,-74.006698,3
40.939129,-73.801787,3
40.939129,-73.657143,3
40.948693,-74.030805,3
40.948693,-73.801787,3
40.948693,-73.64509,3
40.958257,-74.187502,3
40.958257,-74.054912,3
40.958257,-74.042859,3
40.958257,-73.801787,3
40.958257,-73.633036,3
40.967821,-74.199555,3
40.967821,-74.066966,3
40.967821,-74.054912,3
40.967821,-73.789733,3
40.967821,-73.620983,3
40.499186,-74.211609,4
40.499186,-74.199555,4
40.499186,-74.187502,4
40.499186,-74.091073,4
40.499186,-74.079019,4
40.499186,-73.789733,4
40.499186,-73.777679,4
40.499186,-73.765626,4
40.499186,-73.753572,4
40.499186,-73.741519,4
40.499186,-73.729465,4
40.499186,-73.717411,4
40.499186,-73.705358,4
40.499186,-73.693304,4
40.499186,-73.681251,4
40.499186,-73.669197,4
40.50875,-74.211609,4
40.50875,-74.199555,4
40.50875,-74.187502,4
40.50875,-74.091073,4
40.50875,-73.789733,4
40.50875,-73.777679,4
40.50875,-73.765626,4
40.50875,-73.753572,4
40.50875,-73.741519,4
40.50875,-73.729465,4
40.50875,-73.717411,4
40.50875,-73.705358,4
40.50875,-73.693304,4
40.50875,-73.681251,4
40.518314,-74.211609,4
40.518314,-74.199555,4
40.518314,-74.187502,4
40.518314,-74.091073,4
40.518314,-74.042859,4
40.518314,-74.030805,4
40.518314,-73.789733,4
40.518314,-73.777679,4
40.518314,-73.765626,4
40.518314,-73.753572,4
40.518314,-73.741519,4
40.518314,-73.729465,4
40.518314,-73.717411,4
40.518314,-73.705358,4
40.518314,-73.693304,4
40.527878,-74.211609,4
40.527878,-74.199555,4
40.527878,-74.187502,4
40.527878,-74.175448,4
40.527878,-74.091073,4
40.527878,-74.042859,4
40.527878,-74.030805,4
40.527878,-73.958483,4
40.527878,-73.789733,4
40.527878,-73.777679,4
40.527878,-73.765626,4
40.527878,-73.753572,4
40.527878,-73.741519,4
40.527878,-73.729465,4
40.527878,-73.717411,4
40.527878,-73.705358,4
40.527878,-73.693304,4
40.537442,-74.211609,4
40.537442,-74.199555,4
40.537442,-74.187502,4
40.537442,-74.103127,4
40.537442,-74.042859,4
40.537442,-74.030805,4
40.537442,-74.018751,4
40.537442,-73.958483,4
40.537442,-73.765626,4
40.537442,-73.753572,4
40.537442,-73.741519,4
40.537442,-73.729465,4
40.537442,-73.717411,4
40.537442,-73.705358,4
40.547006,-74.211609,4
40.547006,-74.199555,4
40.547006,-74.187502,4
40.547006,-74.103127,4
40.547006,-74.091073,4
40.547006,-74.054912,4
40.547006,-74.042859,4
40.547006,-74.030805,4
40.547006,-74.018751,4
40.547006,-73.958483,4
40.547006,-73.94643,4
40.547006,-73.801787,4
40.547006,-73.765626,4
40.547006,-73.753572,4
40.547006,-73.741519,4
40.547006,-73.729465,4
40.547006,-73.717411,4
40.55657,-74.211609,4
40.55657,-74.199555,4
40.55657,-74.187502,4
40.55657,-74.163395,4
40.55657,-74.11518,4
40.55657,-74.103127,4
40.55657,-74.054912,4
40.55657,-74.030805,4
40.55657,-74.018751,4
40.55657,-73.958483,4
40.55657,-73.801787,4
40.55657,-73.753572,4
40.55657,-73.741519,4
40.55657,-73.729465,4
40.55657,-73.717411,4
40.566134,-74.103127,4
40.566134,-74.066966,4
40.566134,-74.030805,4
40.566134,-74.018751,4
40.566134,-74.006698,4
40.566134,-73.958483,4
40.566134,-73.801787,4
40.566134,-73.777679,4
40.566134,-73.753572,4
40.566134,-73.741519,4
40.566134,-73.729465,4
40.575698,-74.030805,4
40.575698,-74.018751,4
40.575698,-74.006698,4
40.575698,-73.982591,4
40.575698,-73.970537,4
40.575698,-73.850001,4
40.575698,-73.801787,4
40.575698,-73.777679,4
40.575698,-73.753572,4
40.575698,-73.741519,4
40.585262,-73.982591,4
40.585262,-73.777679,4
40.585262,-73.765626,4
40.585262,-73.753572,4
40.585262,-73.741519,4
40.594826,-74.079019,4
40.594826,-73.825894,4
40.594826,-73.777679,4
40.594826,-73.765626,4
40.594826,-73.753572,4
40.60439,-73.777679,4
40.60439,-73.765626,4
40.613954,-74.163395,4
40.613954,-74.042859,4
40.613954,-73.777679,4
40.623518,-74.163395,4
40.623518,-74.139287,4
40.623518,-74.127234,4
40.623518,-74.091073,4
40.623518,-74.079019,4
40.623518,-74.054912,4
40.623518,-73.958483,4
40.623518,-73.777679,4
40.633082,-74.091073,4
40.633082,-74.079019,4
40.633082,-74.066966,4
40.633082,-74.030805,4
40.633082,-74.018751,4
40.633082,-73.958483,4
40.642646,-74.006698,4
40.642646,-73.862055,4
40.65221,-74.091073,4
40.65221,-73.874108,4
40.661774,-74.103127,4
40.661774,-74.091073,4
40.661774,-74.018751,4
40.661774,-73.910269,4
40.661774,-73.862055,4
40.671338,-74.103127,4
40.671338,-73.982591,4
40.671338,-73.898215,4
40.680902,-74.11518,4
40.680902,-74.103127,4
40.680902,-73.898215,4
40.680902,-73.886162,4
40.690466,-74.11518,4
40.690466,-74.103127,4
40.690466,-74.006698,4
40.690466,-73.910269,4
40.690466,-73.874108,4
40.690466,-73.801787,4
40.690466,-73.729465,4
40.70003,-74.11518,4
40.70003,-74.103127,4
40.70003,-73.922323,4
40.70003,-73.801787,4
40.70003,-73.789733,4
40.70003,-73.777679,4
40.709594,-74.11518,4
40.709594,-74.103127,4
40.709594,-73.970537,4
40.709594,-73.789733,4
40.709594,-73.777679,4
40.709594,-73.765626,4
40.709594,-73.729465,4
40.719158,-74.11518,4
40.719158,-74.103127,4
40.719158,-73.970537,4
40.719158,-73.922323,4
40.719158,-73.862055,4
40.719158,-73.729465,4
40.728722,-74.127234,4
40.728722,-74.11518,4
40.728722,-74.103127,4
40.728722,-74.030805,4
40.728722,-73.970537,4
40.728722,-73.81384,4
40.738286,-74.127234,4
40.738286,-74.11518,4
40.738286,-73.994644,4
40.738286,-73.970537,4
40.747849,-74.127234,4
40.747849,-74.11518,4
40.757413,-74.127234,4
40.757413,-74.018751,4
40.757413,-73.837947,4
40.757413,-73.789733,4
40.757413,-73.693304,4
40.757413,-73.681251,4
40.757413,-73.669197,4
40.757413,-73.657143,4
40.757413,-73.64509,4
40.757413,-73.633036,4
40.766977,-74.042859,4
40.766977,-73.970537,4
40.766977,-73.958483,4
40.766977,-73.693304,4
40.766977,-73.681251,4
40.766977,-73.669197,4
40.766977,-73.657143,4
40.766977,-73.64509,4
40.766977,-73.633036,4
40.766977,-73.620983,4
40.776541,-74.066966,4
40.776541,-73.970537,4
40.776541,-73.958483,4
40.776541,-73.94643,4
40.776541,-73.681251,4
40.776541,-73.669197,4
40.776541,-73.657143,4
40.776541,-73.64509,4
40.776541,-73.633036,4
40.776541,-73.620983,4
40.786105,-73.669197,4
40.786105,-73.657143,4
40.786105,-73.64509,4
40.786105,-73.633036,4
40.786105,-73.620983,4
40.795669,-73.970537,4
40.795669,-73.94643,4
40.795669,-73.910269,4
40.795669,-73.862055,4
40.795669,-73.669197,4
40.795669,-73.657143,4
40.795669,-73.64509,4
40.795669,-73.633036,4
40.795669,-73.620983,4
40.805233,-73.862055,4
40.805233,-73.850001,4
40.805233,-73.657143,4
40.805233,-73.64509,4
40.805233,-73.633036,4
40.805233,-73.620983,4
40.814797,-73.874108,4
40.814797,-73.825894,4
40.814797,-73.64509,4
40.814797,-73.633036,4
40.814797,-73.620983,4
40.824361,-73.934376,4
40.824361,-73.886162,4
40.824361,-73.850001,4
40.824361,-73.777679,4
40.824361,-73.765626,4
40.824361,-73.753572,4
40.824361,-73.64509,4
40.824361,-73.633036,4
40.824361,-73.620983,4
40.833925,-73.958483,4
40.833925,-73.94643,4
40.833925,-73.862055,4
40.833925,-73.789733,4
40.833925,-73.777679,4
40.833925,-73.765626,4
40.833925,-73.753572,4
40.833925,-73.741519,4
40.833925,-73.729465,4
40.833925,-73.633036,4
40.833925,-73.620983,4
40.843489,-73.934376,4
40.843489,-73.862055,4
40.843489,-73.850001,4
40.843489,-73.777679,4
40.843489,-73.765626,4
40.843489,-73.753572,4
40.843489,-73.741519,4
40.843489,-73.729465,4
40.843489,-73.717411,4
40.843489,-73.620983,4
40.853053,-73.970537,4
40.853053,-73.958483,4
40.853053,-73.94643,4
40.853053,-73.934376,4
40.853053,-73.825894,4
40.853053,-73.753572,4
40.853053,-73.741519,4
40.853053,-73.729465,4
40.853053,-73.717411,4
40.853053,-73.705358,4
40.862617,-73.994644,4
40.862617,-73.982591,4
40.862617,-73.970537,4
40.862617,-73.958483,4
40.862617,-73.94643,4
40.862617,-73.934376,4
40.862617,-73.922323,4
40.862617,-73.825894,4
40.862617,-73.729465,4
40.862617,-73.717411,4
40.862617,-73.705358,4
40.862617,-73.693304,4
40.872181,-74.018751,4
40.872181,-74.006698,4
40.872181,-73.994644,4
40.872181,-73.982591,4
40.872181,-73.970537,4
40.872181,-73.958483,4
40.872181,-73.94643,4
40.872181,-73.934376,4
40.872181,-73.850001,4
40.872181,-73.705358,4
40.872181,-73.693304,4
40.872181,-73.681251,4
40.881745,-74.030805,4
40.881745,-74.018751,4
40.881745,-74.006698,4
40.881745,-73.994644,4
40.881745,-73.982591,4
40.881745,-73.970537,4
40.881745,-73.958483,4
40.881745,-73.898215,4
40.881745,-73.681251,4
40.881745,-73.669197,4
40.891309,-74.054912,4
40.891309,-74.042859,4
40.891309,-74.030805,4
40.891309,-74.018751,4
40.891309,-74.006698,4
40.891309,-73.994644,4
40.891309,-73.982591,4
40.891309,-73.94643,4
40.891309,-73.934376,4
40.891309,-73.922323,4
40.891309,-73.657143,4
40.900873,-74.066966,4
40.900873,-74.054912,4
40.900873,-74.042859,4
40.900873,-74.030805,4
40.900873,-74.018751,4
40.900873,-74.006698,4
40.900873,-73.994644,4
40.900873,-73.958483,4
40.900873,-73.94643,4
40.900873,-73.934376,4
40.900873,-73.922323,4
40.910437,-74.079019,4
40.910437,-74.066966,4
40.910437,-74.054912,4
40.910437,-74.042859,4
40.910437,-74.030805,4
40.910437,-74.018751,4
40.910437,-74.006698,4
40.910437,-73.970537,4
40.910437,-73.958483,4
40.910437,-73.94643,4
40.910437,-73.934376,4
40.920001,-74.103127,4
40.920001,-74.091073,4
40.920001,-74.079019,4
40.920001,-74.066966,4
40.920001,-74.054912,4
40.920001,-74.042859,4
40.920001,-74.030805,4
40.920001,-74.018751,4
40.920001,-73.970537,4
40.920001,-73.958483,4
40.929565,-74.11518,4
40.929565,-74.103127,4
40.929565,-74.091073,4
40.929565,-74.079019,4
40.929565,-74.066966,4
40.929565,-74.054912,4
40.929565,-74.042859,4
40.929565,-73.982591,4
40.929565,-73.970537,4
40.939129,-74.139287,4
40.939129,-74.127234,4
40.939129,-74.11518,4
40.939129,-74.103127,4
40.939129,-74.091073,4
40.939129,-74.079019,4
40.939129,-74.066966,4
40.939129,-74.054912,4
40.939129,-73.994644,4
40.948693,-74.151341,4
40.948693,-74.139287,4
40.948693,-74.127234,4
40.948693,-74.11518,4
40.948693,-74.103127,4
40.948693,-74.091073,4
40.948693,-74.079019,4
40.948693,-74.066966,4
40.948693,-74.018751,4
40.948693,-74.006698,4
40.958257,-74.163395,4
40.958257,-74.151341,4
40.958257,-74.139287,4
40.958257,-74.127234,4
40.958257,-74.11518,4
40.958257,-74.103127,4
40.958257,-74.091073,4
40.958257,-74.079019,4
40.958257,-74.030805,4
40.967821,-74.187502,4
40.967821,-74.175448,4
40.967821,-74.163395,4
40.967821,-74.151341,4
40.967821,-74.139287,4
40.967821,-74.127234,4
40.967821,-74.11518,4
40.967821,-74.103127,4
40.967821,-74.091073,4

